firstName,lastName,email,phone,interests
Jessica,Wells,woodsjeffery@sanchez.com,7217387849,"{""interests"": [{""value"": ""coding"", ""label"": ""Coding""}, {""value"": ""movies"", ""label"": ""Movies""}]}"
Robert,Stevenson,natasha08@gmail.com,2596337941,"{""interests"": [{""value"": ""gaming"", ""label"": ""Gaming""}, {""value"": ""travel"", ""label"": ""Travel""}]}"
Kevin,Reed,nanderson@yahoo.com,8417734601,"{""interests"": [{""value"": ""movies"", ""label"": ""Movies""}, {""value"": ""sports"", ""label"": ""Sports""}, {""value"": ""cooking"", ""label"": ""Cooking""}, {""value"": ""travel"", ""label"": ""Travel""}]}"
Steven,Gardner,davidrivera@lewis.com,1239900399,"{""interests"": [{""value"": ""photography"", ""label"": ""Photography""}, {""value"": ""gaming"", ""label"": ""Gaming""}, {""value"": ""music"", ""label"": ""Music""}, {""value"": ""coding"", ""label"": ""Coding""}, {""value"": ""art"", ""label"": ""Art""}]}"
James,Cox,james05@butler.com,3727722547,"{""interests"": [{""value"": ""sports"", ""label"": ""Sports""}, {""value"": ""travel"", ""label"": ""Travel""}, {""value"": ""gaming"", ""label"": ""Gaming""}, {""value"": ""movies"", ""label"": ""Movies""}]}"
Rachel,Reyes,matthewobrien@williamson-webb.com,4721455062,"{""interests"": [{""value"": ""cooking"", ""label"": ""Cooking""}, {""value"": ""movies"", ""label"": ""Movies""}]}"
Jonathan,Matthews,roy32@potter-cain.biz,9072527931,"{""interests"": [{""value"": ""gaming"", ""label"": ""Gaming""}, {""value"": ""photography"", ""label"": ""Photography""}, {""value"": ""coding"", ""label"": ""Coding""}]}"
Joe,Salinas,hollydavis@yahoo.com,9472055353,"{""interests"": [{""value"": ""art"", ""label"": ""Art""}, {""value"": ""coding"", ""label"": ""Coding""}]}"
Taylor,Allen,ana43@gmail.com,8983202838,"{""interests"": [{""value"": ""music"", ""label"": ""Music""}, {""value"": ""photography"", ""label"": ""Photography""}, {""value"": ""sports"", ""label"": ""Sports""}, {""value"": ""coding"", ""label"": ""Coding""}]}"
Wendy,Martinez,zbates@gmail.com,5665580041,"{""interests"": [{""value"": ""sports"", ""label"": ""Sports""}, {""value"": ""cooking"", ""label"": ""Cooking""}]}"
Thomas,Cox,jesse14@hotmail.com,3158562025,"{""interests"": [{""value"": ""movies"", ""label"": ""Movies""}, {""value"": ""coding"", ""label"": ""Coding""}, {""value"": ""gaming"", ""label"": ""Gaming""}]}"
Linda,Le,browntina@yahoo.com,4571363515,"{""interests"": [{""value"": ""movies"", ""label"": ""Movies""}, {""value"": ""travel"", ""label"": ""Travel""}]}"
Corey,Hickman,tomwilliams@hotmail.com,9546823065,"{""interests"": [{""value"": ""photography"", ""label"": ""Photography""}, {""value"": ""travel"", ""label"": ""Travel""}, {""value"": ""art"", ""label"": ""Art""}, {""value"": ""gaming"", ""label"": ""Gaming""}, {""value"": ""sports"", ""label"": ""Sports""}]}"
Nancy,Hale,christopher77@bates.com,4511920220,"{""interests"": [{""value"": ""travel"", ""label"": ""Travel""}, {""value"": ""sports"", ""label"": ""Sports""}, {""value"": ""reading"", ""label"": ""Reading""}, {""value"": ""movies"", ""label"": ""Movies""}]}"
Amy,Flores,ecombs@ramos.com,9732341287,"{""interests"": [{""value"": ""art"", ""label"": ""Art""}, {""value"": ""reading"", ""label"": ""Reading""}]}"
Emily,Burch,michaelamorales@meyers.com,3046574040,"{""interests"": [{""value"": ""music"", ""label"": ""Music""}, {""value"": ""art"", ""label"": ""Art""}, {""value"": ""movies"", ""label"": ""Movies""}, {""value"": ""sports"", ""label"": ""Sports""}]}"
Holly,Kim,prichardson@smith.org,2591940069,"{""interests"": [{""value"": ""music"", ""label"": ""Music""}, {""value"": ""travel"", ""label"": ""Travel""}, {""value"": ""cooking"", ""label"": ""Cooking""}, {""value"": ""sports"", ""label"": ""Sports""}]}"
Derrick,Roberts,taramurphy@jackson-rodriguez.com,3011556042,"{""interests"": [{""value"": ""coding"", ""label"": ""Coding""}, {""value"": ""sports"", ""label"": ""Sports""}, {""value"": ""music"", ""label"": ""Music""}, {""value"": ""reading"", ""label"": ""Reading""}, {""value"": ""travel"", ""label"": ""Travel""}]}"
Shawn,Reynolds,thomas85@love.info,4829946286,"{""interests"": [{""value"": ""coding"", ""label"": ""Coding""}, {""value"": ""art"", ""label"": ""Art""}]}"
Colleen,Brooks,raymond86@diaz.com,9926734455,"{""interests"": [{""value"": ""sports"", ""label"": ""Sports""}, {""value"": ""gaming"", ""label"": ""Gaming""}, {""value"": ""art"", ""label"": ""Art""}]}"
